"","eventID","occurrenceID","recordedBy","measurementType","measurementValue","measurementUnit"
"1","Site1_1929-12-01","Site1_1929-12-01_A21","Edgar Anderson","tamanho petala",1.7,"cm"
"2","Site1_1929-12-01","Site1_1929-12-01_A21","Edgar Anderson","largura petala",0.2,"cm"
"3","Site1_1929-12-01","Site1_1929-12-01_A21","Edgar Anderson","tamanho sepala",5.4,"cm"
"4","Site1_1929-12-01","Site1_1929-12-01_A21","Edgar Anderson","largura sepala",3.4,"cm"
"5","Site1_1929-12-01","Site1_1929-12-01_A24","Edgar Anderson","tamanho petala",1.7,"cm"
"6","Site1_1929-12-01","Site1_1929-12-01_A24","Edgar Anderson","largura petala",0.5,"cm"
"7","Site1_1929-12-01","Site1_1929-12-01_A24","Edgar Anderson","tamanho sepala",5.1,"cm"
"8","Site1_1929-12-01","Site1_1929-12-01_A24","Edgar Anderson","largura sepala",3.3,"cm"
"9","Site1_1929-12-01","Site1_1929-12-01_A33","Edgar Anderson","tamanho petala",1.5,"cm"
"10","Site1_1929-12-01","Site1_1929-12-01_A33","Edgar Anderson","largura petala",0.1,"cm"
"11","Site1_1929-12-01","Site1_1929-12-01_A33","Edgar Anderson","tamanho sepala",5.2,"cm"
"12","Site1_1929-12-01","Site1_1929-12-01_A33","Edgar Anderson","largura sepala",4.1,"cm"
"13","Site2_1930-02-13","Site2_1930-02-13_A29","Edgar Anderson","tamanho petala",1.4,"cm"
"14","Site2_1930-02-13","Site2_1930-02-13_A29","Edgar Anderson","largura petala",0.2,"cm"
"15","Site2_1930-02-13","Site2_1930-02-13_A29","Edgar Anderson","tamanho sepala",5.1,"cm"
"16","Site2_1930-02-13","Site2_1930-02-13_A29","Edgar Anderson","largura sepala",3.4,"cm"
"17","Site2_1930-02-13","Site2_1930-02-13_A35","Edgar Anderson","tamanho petala",1.5,"cm"
"18","Site2_1930-02-13","Site2_1930-02-13_A35","Edgar Anderson","largura petala",0.2,"cm"
"19","Site2_1930-02-13","Site2_1930-02-13_A35","Edgar Anderson","tamanho sepala",4.9,"cm"
"20","Site2_1930-02-13","Site2_1930-02-13_A35","Edgar Anderson","largura sepala",3.1,"cm"
"21","Site2_1930-02-13","Site2_1930-02-13_A5","Edgar Anderson","tamanho petala",1.4,"cm"
"22","Site2_1930-02-13","Site2_1930-02-13_A5","Edgar Anderson","largura petala",0.2,"cm"
"23","Site2_1930-02-13","Site2_1930-02-13_A5","Edgar Anderson","tamanho sepala",5,"cm"
"24","Site2_1930-02-13","Site2_1930-02-13_A5","Edgar Anderson","largura sepala",3.6,"cm"
"25","Site2_1930-02-13","Site2_1930-02-13_A14","Edgar Anderson","tamanho petala",1.1,"cm"
"26","Site2_1930-02-13","Site2_1930-02-13_A14","Edgar Anderson","largura petala",0.1,"cm"
"27","Site2_1930-02-13","Site2_1930-02-13_A14","Edgar Anderson","tamanho sepala",4.3,"cm"
"28","Site2_1930-02-13","Site2_1930-02-13_A14","Edgar Anderson","largura sepala",3,"cm"
"29","Site3_1929-12-01","Site3_1929-12-01_A37","Edgar Anderson","tamanho petala",1.3,"cm"
"30","Site3_1929-12-01","Site3_1929-12-01_A37","Edgar Anderson","largura petala",0.2,"cm"
"31","Site3_1929-12-01","Site3_1929-12-01_A37","Edgar Anderson","tamanho sepala",5.5,"cm"
"32","Site3_1929-12-01","Site3_1929-12-01_A37","Edgar Anderson","largura sepala",3.5,"cm"
"33","Site3_1929-12-01","Site3_1929-12-01_A10","Edgar Anderson","tamanho petala",1.5,"cm"
"34","Site3_1929-12-01","Site3_1929-12-01_A10","Edgar Anderson","largura petala",0.1,"cm"
"35","Site3_1929-12-01","Site3_1929-12-01_A10","Edgar Anderson","tamanho sepala",4.9,"cm"
"36","Site3_1929-12-01","Site3_1929-12-01_A10","Edgar Anderson","largura sepala",3.1,"cm"
"37","Site1_1929-12-01","Site1_1929-12-01_A75","Edgar Anderson","tamanho petala",6.4,"cm"
"38","Site1_1929-12-01","Site1_1929-12-01_A75","Edgar Anderson","largura petala",2.9,"cm"
"39","Site1_1929-12-01","Site1_1929-12-01_A75","Edgar Anderson","tamanho sepala",4.3,"cm"
"40","Site1_1929-12-01","Site1_1929-12-01_A75","Edgar Anderson","largura sepala",1.3,"cm"
"41","Site1_1929-12-01","Site1_1929-12-01_A96","Edgar Anderson","tamanho petala",5.7,"cm"
"42","Site1_1929-12-01","Site1_1929-12-01_A96","Edgar Anderson","largura petala",3,"cm"
"43","Site1_1929-12-01","Site1_1929-12-01_A96","Edgar Anderson","tamanho sepala",4.2,"cm"
"44","Site1_1929-12-01","Site1_1929-12-01_A96","Edgar Anderson","largura sepala",1.2,"cm"
"45","Site2_1930-02-13","Site2_1930-02-13_A128","Edgar Anderson","tamanho petala",6.1,"cm"
"46","Site2_1930-02-13","Site2_1930-02-13_A128","Edgar Anderson","largura petala",3,"cm"
"47","Site2_1930-02-13","Site2_1930-02-13_A128","Edgar Anderson","tamanho sepala",4.9,"cm"
"48","Site2_1930-02-13","Site2_1930-02-13_A128","Edgar Anderson","largura sepala",1.8,"cm"
"49","Site3_1929-12-01","Site3_1929-12-01_A133","Edgar Anderson","tamanho petala",6.4,"cm"
"50","Site3_1929-12-01","Site3_1929-12-01_A133","Edgar Anderson","largura petala",2.8,"cm"
"51","Site3_1929-12-01","Site3_1929-12-01_A133","Edgar Anderson","tamanho sepala",5.6,"cm"
"52","Site3_1929-12-01","Site3_1929-12-01_A133","Edgar Anderson","largura sepala",2.2,"cm"
"53","Site1_1929-12-01","Site1_1929-12-01_A39","Edgar Anderson","tamanho petala",4.4,"cm"
"54","Site1_1929-12-01","Site1_1929-12-01_A39","Edgar Anderson","largura petala",3,"cm"
"55","Site1_1929-12-01","Site1_1929-12-01_A39","Edgar Anderson","tamanho sepala",1.3,"cm"
"56","Site1_1929-12-01","Site1_1929-12-01_A39","Edgar Anderson","largura sepala",0.2,"cm"
"57","Site1_1929-12-01","Site1_1929-12-01_A36","Edgar Anderson","tamanho petala",5,"cm"
"58","Site1_1929-12-01","Site1_1929-12-01_A36","Edgar Anderson","largura petala",3.2,"cm"
"59","Site1_1929-12-01","Site1_1929-12-01_A36","Edgar Anderson","tamanho sepala",1.2,"cm"
"60","Site1_1929-12-01","Site1_1929-12-01_A36","Edgar Anderson","largura sepala",0.2,"cm"
"61","Site3_1929-12-01","Site3_1929-12-01_A13","Edgar Anderson","tamanho petala",4.8,"cm"
"62","Site3_1929-12-01","Site3_1929-12-01_A13","Edgar Anderson","largura petala",3,"cm"
"63","Site3_1929-12-01","Site3_1929-12-01_A13","Edgar Anderson","tamanho sepala",1.4,"cm"
"64","Site3_1929-12-01","Site3_1929-12-01_A13","Edgar Anderson","largura sepala",0.1,"cm"
"65","Site3_1929-12-01","Site3_1929-12-01_A16","Edgar Anderson","tamanho petala",5.7,"cm"
"66","Site3_1929-12-01","Site3_1929-12-01_A16","Edgar Anderson","largura petala",4.4,"cm"
"67","Site3_1929-12-01","Site3_1929-12-01_A16","Edgar Anderson","tamanho sepala",1.5,"cm"
"68","Site3_1929-12-01","Site3_1929-12-01_A16","Edgar Anderson","largura sepala",0.4,"cm"
"69","Site3_1929-12-01","Site3_1929-12-01_A28","Edgar Anderson","tamanho petala",5.2,"cm"
"70","Site3_1929-12-01","Site3_1929-12-01_A28","Edgar Anderson","largura petala",3.5,"cm"
"71","Site3_1929-12-01","Site3_1929-12-01_A28","Edgar Anderson","tamanho sepala",1.5,"cm"
"72","Site3_1929-12-01","Site3_1929-12-01_A28","Edgar Anderson","largura sepala",0.2,"cm"
"73","Site3_1929-12-01","Site3_1929-12-01_A4","Edgar Anderson","tamanho petala",4.6,"cm"
"74","Site3_1929-12-01","Site3_1929-12-01_A4","Edgar Anderson","largura petala",3.1,"cm"
"75","Site3_1929-12-01","Site3_1929-12-01_A4","Edgar Anderson","tamanho sepala",1.5,"cm"
"76","Site3_1929-12-01","Site3_1929-12-01_A4","Edgar Anderson","largura sepala",0.2,"cm"
"77","Site1_1929-12-01","Site1_1929-12-01_A48","Edgar Anderson","tamanho petala",4.6,"cm"
"78","Site1_1929-12-01","Site1_1929-12-01_A48","Edgar Anderson","largura petala",3.2,"cm"
"79","Site1_1929-12-01","Site1_1929-12-01_A48","Edgar Anderson","tamanho sepala",1.4,"cm"
"80","Site1_1929-12-01","Site1_1929-12-01_A48","Edgar Anderson","largura sepala",0.2,"cm"
"81","Site1_1929-12-01","Site1_1929-12-01_A15","Edgar Anderson","tamanho petala",5.8,"cm"
"82","Site1_1929-12-01","Site1_1929-12-01_A15","Edgar Anderson","largura petala",4,"cm"
"83","Site1_1929-12-01","Site1_1929-12-01_A15","Edgar Anderson","tamanho sepala",1.2,"cm"
"84","Site1_1929-12-01","Site1_1929-12-01_A15","Edgar Anderson","largura sepala",0.2,"cm"
"85","Site3_1929-12-01","Site3_1929-12-01_A25","Edgar Anderson","tamanho petala",4.8,"cm"
"86","Site3_1929-12-01","Site3_1929-12-01_A25","Edgar Anderson","largura petala",3.4,"cm"
"87","Site3_1929-12-01","Site3_1929-12-01_A25","Edgar Anderson","tamanho sepala",1.9,"cm"
"88","Site3_1929-12-01","Site3_1929-12-01_A25","Edgar Anderson","largura sepala",0.2,"cm"
"89","Site2_1930-02-13","Site2_1930-02-13_A26","Edgar Anderson","tamanho petala",5,"cm"
"90","Site2_1930-02-13","Site2_1930-02-13_A26","Edgar Anderson","largura petala",3,"cm"
"91","Site2_1930-02-13","Site2_1930-02-13_A26","Edgar Anderson","tamanho sepala",1.6,"cm"
"92","Site2_1930-02-13","Site2_1930-02-13_A26","Edgar Anderson","largura sepala",0.2,"cm"
"93","Site1_1929-12-01","Site1_1929-12-01_A3","Edgar Anderson","tamanho petala",4.7,"cm"
"94","Site1_1929-12-01","Site1_1929-12-01_A3","Edgar Anderson","largura petala",3.2,"cm"
"95","Site1_1929-12-01","Site1_1929-12-01_A3","Edgar Anderson","tamanho sepala",1.3,"cm"
"96","Site1_1929-12-01","Site1_1929-12-01_A3","Edgar Anderson","largura sepala",0.2,"cm"
"97","Site2_1930-02-13","Site2_1930-02-13_A32","Edgar Anderson","tamanho petala",5.4,"cm"
"98","Site2_1930-02-13","Site2_1930-02-13_A32","Edgar Anderson","largura petala",3.4,"cm"
"99","Site2_1930-02-13","Site2_1930-02-13_A32","Edgar Anderson","tamanho sepala",1.5,"cm"
"100","Site2_1930-02-13","Site2_1930-02-13_A32","Edgar Anderson","largura sepala",0.4,"cm"
"101","Site2_1930-02-13","Site2_1930-02-13_A41","Edgar Anderson","tamanho petala",5,"cm"
"102","Site2_1930-02-13","Site2_1930-02-13_A41","Edgar Anderson","largura petala",3.5,"cm"
"103","Site2_1930-02-13","Site2_1930-02-13_A41","Edgar Anderson","tamanho sepala",1.3,"cm"
"104","Site2_1930-02-13","Site2_1930-02-13_A41","Edgar Anderson","largura sepala",0.3,"cm"
"105","Site2_1930-02-13","Site2_1930-02-13_A47","Edgar Anderson","tamanho petala",5.1,"cm"
"106","Site2_1930-02-13","Site2_1930-02-13_A47","Edgar Anderson","largura petala",3.8,"cm"
"107","Site2_1930-02-13","Site2_1930-02-13_A47","Edgar Anderson","tamanho sepala",1.6,"cm"
"108","Site2_1930-02-13","Site2_1930-02-13_A47","Edgar Anderson","largura sepala",0.2,"cm"
"109","Site1_1929-12-01","Site1_1929-12-01_A42","Edgar Anderson","tamanho petala",4.5,"cm"
"110","Site1_1929-12-01","Site1_1929-12-01_A42","Edgar Anderson","largura petala",2.3,"cm"
"111","Site1_1929-12-01","Site1_1929-12-01_A42","Edgar Anderson","tamanho sepala",1.3,"cm"
"112","Site1_1929-12-01","Site1_1929-12-01_A42","Edgar Anderson","largura sepala",0.3,"cm"
"113","Site1_1929-12-01","Site1_1929-12-01_A30","Edgar Anderson","tamanho petala",4.7,"cm"
"114","Site1_1929-12-01","Site1_1929-12-01_A30","Edgar Anderson","largura petala",3.2,"cm"
"115","Site1_1929-12-01","Site1_1929-12-01_A30","Edgar Anderson","tamanho sepala",1.6,"cm"
"116","Site1_1929-12-01","Site1_1929-12-01_A30","Edgar Anderson","largura sepala",0.2,"cm"
"117","Site1_1929-12-01","Site1_1929-12-01_A39","Edgar Anderson","tamanho petala",4.4,"cm"
"118","Site1_1929-12-01","Site1_1929-12-01_A39","Edgar Anderson","largura petala",3,"cm"
"119","Site1_1929-12-01","Site1_1929-12-01_A39","Edgar Anderson","tamanho sepala",1.3,"cm"
"120","Site1_1929-12-01","Site1_1929-12-01_A39","Edgar Anderson","largura sepala",0.2,"cm"
"121","Site1_1929-12-01","Site1_1929-12-01_A36","Edgar Anderson","tamanho petala",5,"cm"
"122","Site1_1929-12-01","Site1_1929-12-01_A36","Edgar Anderson","largura petala",3.2,"cm"
"123","Site1_1929-12-01","Site1_1929-12-01_A36","Edgar Anderson","tamanho sepala",1.2,"cm"
"124","Site1_1929-12-01","Site1_1929-12-01_A36","Edgar Anderson","largura sepala",0.2,"cm"
"125","Site3_1929-12-01","Site3_1929-12-01_A49","Edgar Anderson","tamanho petala",5.3,"cm"
"126","Site3_1929-12-01","Site3_1929-12-01_A49","Edgar Anderson","largura petala",3.7,"cm"
"127","Site3_1929-12-01","Site3_1929-12-01_A49","Edgar Anderson","tamanho sepala",1.5,"cm"
"128","Site3_1929-12-01","Site3_1929-12-01_A49","Edgar Anderson","largura sepala",0.2,"cm"
"129","Site1_1929-12-01","Site1_1929-12-01_A12 ","Edgar Anderson","tamanho petala",1.6,"cm"
"130","Site1_1929-12-01","Site1_1929-12-01_A12 ","Edgar Anderson","largura petala",0.2,"cm"
"131","Site1_1929-12-01","Site1_1929-12-01_A12 ","Edgar Anderson","tamanho sepala",4.8,"cm"
"132","Site1_1929-12-01","Site1_1929-12-01_A12 ","Edgar Anderson","largura sepala",3.4,"cm"
"133","Site2_1930-02-13","Site2_1930-02-13_A17","Edgar Anderson","tamanho petala",1.3,"cm"
"134","Site2_1930-02-13","Site2_1930-02-13_A17","Edgar Anderson","largura petala",0.4,"cm"
"135","Site2_1930-02-13","Site2_1930-02-13_A17","Edgar Anderson","tamanho sepala",5.4,"cm"
"136","Site2_1930-02-13","Site2_1930-02-13_A17","Edgar Anderson","largura sepala",3.9,"cm"
"137","Site2_1930-02-13","Site2_1930-02-13_A20","Edgar Anderson","tamanho petala",1.5,"cm"
"138","Site2_1930-02-13","Site2_1930-02-13_A20","Edgar Anderson","largura petala",0.3,"cm"
"139","Site2_1930-02-13","Site2_1930-02-13_A20","Edgar Anderson","tamanho sepala",5.1,"cm"
"140","Site2_1930-02-13","Site2_1930-02-13_A20","Edgar Anderson","largura sepala",3.8,"cm"
"141","Site2_1930-02-14","Site2_1930-02-14_A44","Edgar Anderson","tamanho petala",1.6,"cm"
"142","Site2_1930-02-14","Site2_1930-02-14_A44","Edgar Anderson","largura petala",0.6,"cm"
"143","Site2_1930-02-14","Site2_1930-02-14_A44","Edgar Anderson","tamanho sepala",5,"cm"
"144","Site2_1930-02-14","Site2_1930-02-14_A44","Edgar Anderson","largura sepala",3.5,"cm"
"145","Site2_1930-02-15","Site2_1930-02-15_A50","Edgar Anderson","tamanho petala",1.4,"cm"
"146","Site2_1930-02-15","Site2_1930-02-15_A50","Edgar Anderson","largura petala",0.2,"cm"
"147","Site2_1930-02-15","Site2_1930-02-15_A50","Edgar Anderson","tamanho sepala",5,"cm"
"148","Site2_1930-02-15","Site2_1930-02-15_A50","Edgar Anderson","largura sepala",3.3,"cm"
"149","Site3_1929-12-01","Site3_1929-12-01_A19","Edgar Anderson","tamanho petala",1.7,"cm"
"150","Site3_1929-12-01","Site3_1929-12-01_A19","Edgar Anderson","largura petala",0.3,"cm"
"151","Site3_1929-12-01","Site3_1929-12-01_A19","Edgar Anderson","tamanho sepala",5.7,"cm"
"152","Site3_1929-12-01","Site3_1929-12-01_A19","Edgar Anderson","largura sepala",3.8,"cm"
"153","Site3_1929-12-02","Site3_1929-12-02_A22","Edgar Anderson","tamanho petala",1.5,"cm"
"154","Site3_1929-12-02","Site3_1929-12-02_A22","Edgar Anderson","largura petala",0.4,"cm"
"155","Site3_1929-12-02","Site3_1929-12-02_A22","Edgar Anderson","tamanho sepala",5.1,"cm"
"156","Site3_1929-12-02","Site3_1929-12-02_A22","Edgar Anderson","largura sepala",3.7,"cm"
"157","Site3_1929-12-03","Site3_1929-12-03_A34","Edgar Anderson","tamanho petala",1.4,"cm"
"158","Site3_1929-12-03","Site3_1929-12-03_A34","Edgar Anderson","largura petala",0.2,"cm"
"159","Site3_1929-12-03","Site3_1929-12-03_A34","Edgar Anderson","tamanho sepala",5.5,"cm"
"160","Site3_1929-12-03","Site3_1929-12-03_A34","Edgar Anderson","largura sepala",4.2,"cm"
"161","Site3_1929-12-04","Site3_1929-12-04_A1","Edgar Anderson","tamanho petala",1.4,"cm"
"162","Site3_1929-12-04","Site3_1929-12-04_A1","Edgar Anderson","largura petala",0.2,"cm"
"163","Site3_1929-12-04","Site3_1929-12-04_A1","Edgar Anderson","tamanho sepala",5.1,"cm"
"164","Site3_1929-12-04","Site3_1929-12-04_A1","Edgar Anderson","largura sepala",3.5,"cm"
"165","Site3_1929-12-05","Site3_1929-12-05_A7","Edgar Anderson","tamanho petala",1.4,"cm"
"166","Site3_1929-12-05","Site3_1929-12-05_A7","Edgar Anderson","largura petala",0.3,"cm"
"167","Site3_1929-12-05","Site3_1929-12-05_A7","Edgar Anderson","tamanho sepala",4.6,"cm"
"168","Site3_1929-12-05","Site3_1929-12-05_A7","Edgar Anderson","largura sepala",3.4,"cm"
"169","Site1_1929-12-01","Site1_1929-12-01_A63","Edgar Anderson","tamanho petala",4,"cm"
"170","Site1_1929-12-01","Site1_1929-12-01_A63","Edgar Anderson","largura petala",1,"cm"
"171","Site1_1929-12-01","Site1_1929-12-01_A63","Edgar Anderson","tamanho sepala",6,"cm"
"172","Site1_1929-12-01","Site1_1929-12-01_A63","Edgar Anderson","largura sepala",2.2,"cm"
"173","Site1_1929-12-01","Site1_1929-12-01_A72","Edgar Anderson","tamanho petala",4,"cm"
"174","Site1_1929-12-01","Site1_1929-12-01_A72","Edgar Anderson","largura petala",1.3,"cm"
"175","Site1_1929-12-01","Site1_1929-12-01_A72","Edgar Anderson","tamanho sepala",6.1,"cm"
"176","Site1_1929-12-01","Site1_1929-12-01_A72","Edgar Anderson","largura sepala",2.8,"cm"
"177","Site1_1929-12-01","Site1_1929-12-01_A90","Edgar Anderson","tamanho petala",4,"cm"
"178","Site1_1929-12-01","Site1_1929-12-01_A90","Edgar Anderson","largura petala",1.3,"cm"
"179","Site1_1929-12-01","Site1_1929-12-01_A90","Edgar Anderson","tamanho sepala",5.5,"cm"
"180","Site1_1929-12-01","Site1_1929-12-01_A90","Edgar Anderson","largura sepala",2.5,"cm"
"181","Site3_1929-12-01","Site3_1929-12-01_A52","Edgar Anderson","tamanho petala",4.5,"cm"
"182","Site3_1929-12-01","Site3_1929-12-01_A52","Edgar Anderson","largura petala",1.5,"cm"
"183","Site3_1929-12-01","Site3_1929-12-01_A52","Edgar Anderson","tamanho sepala",6.4,"cm"
"184","Site3_1929-12-01","Site3_1929-12-01_A52","Edgar Anderson","largura sepala",3.2,"cm"
"185","Site3_1929-12-01","Site3_1929-12-01_A67","Edgar Anderson","tamanho petala",4.5,"cm"
"186","Site3_1929-12-01","Site3_1929-12-01_A67","Edgar Anderson","largura petala",1.5,"cm"
"187","Site3_1929-12-01","Site3_1929-12-01_A67","Edgar Anderson","tamanho sepala",5.6,"cm"
"188","Site3_1929-12-01","Site3_1929-12-01_A67","Edgar Anderson","largura sepala",3,"cm"
"189","Site3_1929-12-01","Site3_1929-12-01_A64","Edgar Anderson","tamanho petala",6.1,"cm"
"190","Site3_1929-12-01","Site3_1929-12-01_A64","Edgar Anderson","largura petala",2.9,"cm"
"191","Site3_1929-12-01","Site3_1929-12-01_A64","Edgar Anderson","tamanho sepala",4.7,"cm"
"192","Site3_1929-12-01","Site3_1929-12-01_A64","Edgar Anderson","largura sepala",1.4,"cm"
"193","Site1_1929-12-01","Site1_1929-12-01_A69","Edgar Anderson","tamanho petala",6.2,"cm"
"194","Site1_1929-12-01","Site1_1929-12-01_A69","Edgar Anderson","largura petala",2.2,"cm"
"195","Site1_1929-12-01","Site1_1929-12-01_A69","Edgar Anderson","tamanho sepala",4.5,"cm"
"196","Site1_1929-12-01","Site1_1929-12-01_A69","Edgar Anderson","largura sepala",1.5,"cm"
"197","Site3_1929-12-01","Site3_1929-12-01_A112","Edgar Anderson","tamanho petala",6.4,"cm"
"198","Site3_1929-12-01","Site3_1929-12-01_A112","Edgar Anderson","largura petala",2.7,"cm"
"199","Site3_1929-12-01","Site3_1929-12-01_A112","Edgar Anderson","tamanho sepala",5.3,"cm"
"200","Site3_1929-12-01","Site3_1929-12-01_A112","Edgar Anderson","largura sepala",1.9,"cm"
"201","Site2_1930-02-13","Site2_1930-02-13_A86","Edgar Anderson","tamanho petala",6,"cm"
"202","Site2_1930-02-13","Site2_1930-02-13_A86","Edgar Anderson","largura petala",3.4,"cm"
"203","Site2_1930-02-13","Site2_1930-02-13_A86","Edgar Anderson","tamanho sepala",4.5,"cm"
"204","Site2_1930-02-13","Site2_1930-02-13_A86","Edgar Anderson","largura sepala",1.6,"cm"
"205","Site3_1929-12-01","Site3_1929-12-01_A49","Edgar Anderson","tamanho petala",5.3,"cm"
"206","Site3_1929-12-01","Site3_1929-12-01_A49","Edgar Anderson","largura petala",3.7,"cm"
"207","Site3_1929-12-01","Site3_1929-12-01_A49","Edgar Anderson","tamanho sepala",1.5,"cm"
"208","Site3_1929-12-01","Site3_1929-12-01_A49","Edgar Anderson","largura sepala",0.2,"cm"
"209","Site1_1929-12-01","Site1_1929-12-01_A51","Edgar Anderson","tamanho petala",7,"cm"
"210","Site1_1929-12-01","Site1_1929-12-01_A51","Edgar Anderson","largura petala",3.2,"cm"
"211","Site1_1929-12-01","Site1_1929-12-01_A51","Edgar Anderson","tamanho sepala",4.7,"cm"
"212","Site1_1929-12-01","Site1_1929-12-01_A51","Edgar Anderson","largura sepala",1.4,"cm"
"213","Site2_1930-02-13","Site2_1930-02-13_A59","Edgar Anderson","tamanho petala",6.6,"cm"
"214","Site2_1930-02-13","Site2_1930-02-13_A59","Edgar Anderson","largura petala",2.9,"cm"
"215","Site2_1930-02-13","Site2_1930-02-13_A59","Edgar Anderson","tamanho sepala",4.6,"cm"
"216","Site2_1930-02-13","Site2_1930-02-13_A59","Edgar Anderson","largura sepala",1.3,"cm"
"217","Site3_1929-12-01","Site3_1929-12-01_A61","Edgar Anderson","tamanho petala",5,"cm"
"218","Site3_1929-12-01","Site3_1929-12-01_A61","Edgar Anderson","largura petala",2,"cm"
"219","Site3_1929-12-01","Site3_1929-12-01_A61","Edgar Anderson","tamanho sepala",3.5,"cm"
"220","Site3_1929-12-01","Site3_1929-12-01_A61","Edgar Anderson","largura sepala",1,"cm"
"221","Site2_1930-02-13","Site2_1930-02-13_A65","Edgar Anderson","tamanho petala",5.6,"cm"
"222","Site2_1930-02-13","Site2_1930-02-13_A65","Edgar Anderson","largura petala",2.9,"cm"
"223","Site2_1930-02-13","Site2_1930-02-13_A65","Edgar Anderson","tamanho sepala",3.6,"cm"
"224","Site2_1930-02-13","Site2_1930-02-13_A65","Edgar Anderson","largura sepala",1.3,"cm"
"225","Site2_1930-02-13","Site2_1930-02-13_A68","Edgar Anderson","tamanho petala",5.8,"cm"
"226","Site2_1930-02-13","Site2_1930-02-13_A68","Edgar Anderson","largura petala",2.7,"cm"
"227","Site2_1930-02-13","Site2_1930-02-13_A68","Edgar Anderson","tamanho sepala",4.1,"cm"
"228","Site2_1930-02-13","Site2_1930-02-13_A68","Edgar Anderson","largura sepala",1,"cm"
"229","Site3_1929-12-01","Site3_1929-12-01_A73","Edgar Anderson","tamanho petala",6.3,"cm"
"230","Site3_1929-12-01","Site3_1929-12-01_A73","Edgar Anderson","largura petala",2.5,"cm"
"231","Site3_1929-12-01","Site3_1929-12-01_A73","Edgar Anderson","tamanho sepala",4.9,"cm"
"232","Site3_1929-12-01","Site3_1929-12-01_A73","Edgar Anderson","largura sepala",1.5,"cm"
"233","Site2_1930-02-13","Site2_1930-02-13_A77","Edgar Anderson","tamanho petala",6.8,"cm"
"234","Site2_1930-02-13","Site2_1930-02-13_A77","Edgar Anderson","largura petala",2.8,"cm"
"235","Site2_1930-02-13","Site2_1930-02-13_A77","Edgar Anderson","tamanho sepala",4.8,"cm"
"236","Site2_1930-02-13","Site2_1930-02-13_A77","Edgar Anderson","largura sepala",1.4,"cm"
"237","Site1_1929-12-01","Site1_1929-12-01_A78","Edgar Anderson","tamanho petala",6.7,"cm"
"238","Site1_1929-12-01","Site1_1929-12-01_A78","Edgar Anderson","largura petala",3,"cm"
"239","Site1_1929-12-01","Site1_1929-12-01_A78","Edgar Anderson","tamanho sepala",5,"cm"
"240","Site1_1929-12-01","Site1_1929-12-01_A78","Edgar Anderson","largura sepala",1.7,"cm"
"241","Site2_1930-02-13","Site2_1930-02-13_A83","Edgar Anderson","tamanho petala",5.8,"cm"
"242","Site2_1930-02-13","Site2_1930-02-13_A83","Edgar Anderson","largura petala",2.7,"cm"
"243","Site2_1930-02-13","Site2_1930-02-13_A83","Edgar Anderson","tamanho sepala",3.9,"cm"
"244","Site2_1930-02-13","Site2_1930-02-13_A83","Edgar Anderson","largura sepala",1.2,"cm"
"245","Site2_1930-02-13","Site2_1930-02-13_A89","Edgar Anderson","tamanho petala",5.6,"cm"
"246","Site2_1930-02-13","Site2_1930-02-13_A89","Edgar Anderson","largura petala",3,"cm"
"247","Site2_1930-02-13","Site2_1930-02-13_A89","Edgar Anderson","tamanho sepala",4.1,"cm"
"248","Site2_1930-02-13","Site2_1930-02-13_A89","Edgar Anderson","largura sepala",1.3,"cm"
"249","Site3_1929-12-01","Site3_1929-12-01_A97","Edgar Anderson","tamanho petala",5.7,"cm"
"250","Site3_1929-12-01","Site3_1929-12-01_A97","Edgar Anderson","largura petala",2.9,"cm"
"251","Site3_1929-12-01","Site3_1929-12-01_A97","Edgar Anderson","tamanho sepala",4.2,"cm"
"252","Site3_1929-12-01","Site3_1929-12-01_A97","Edgar Anderson","largura sepala",1.3,"cm"
"253","Site1_1929-12-01","Site1_1929-12-01_A99","Edgar Anderson","tamanho petala",5.1,"cm"
"254","Site1_1929-12-01","Site1_1929-12-01_A99","Edgar Anderson","largura petala",2.5,"cm"
"255","Site1_1929-12-01","Site1_1929-12-01_A99","Edgar Anderson","tamanho sepala",3,"cm"
"256","Site1_1929-12-01","Site1_1929-12-01_A99","Edgar Anderson","largura sepala",1.1,"cm"
"257","Site3_1929-12-01","Site3_1929-12-01_A100","Edgar Anderson","tamanho petala",5.7,"cm"
"258","Site3_1929-12-01","Site3_1929-12-01_A100","Edgar Anderson","largura petala",2.8,"cm"
"259","Site3_1929-12-01","Site3_1929-12-01_A100","Edgar Anderson","tamanho sepala",4.1,"cm"
"260","Site3_1929-12-01","Site3_1929-12-01_A100","Edgar Anderson","largura sepala",1.3,"cm"
"261","Site1_1929-12-01","Site1_1929-12-01_A54","Edgar Anderson","tamanho petala",5.5,"cm"
"262","Site1_1929-12-01","Site1_1929-12-01_A54","Edgar Anderson","largura petala",2.3,"cm"
"263","Site1_1929-12-01","Site1_1929-12-01_A54","Edgar Anderson","tamanho sepala",4,"cm"
"264","Site1_1929-12-01","Site1_1929-12-01_A54","Edgar Anderson","largura sepala",1.3,"cm"
"265","Site3_1929-12-01","Site3_1929-12-01_A58","Edgar Anderson","tamanho petala",4.9,"cm"
"266","Site3_1929-12-01","Site3_1929-12-01_A58","Edgar Anderson","largura petala",2.4,"cm"
"267","Site3_1929-12-01","Site3_1929-12-01_A58","Edgar Anderson","tamanho sepala",3.3,"cm"
"268","Site3_1929-12-01","Site3_1929-12-01_A58","Edgar Anderson","largura sepala",1,"cm"
"269","Site2_1930-02-13","Site2_1930-02-13_A62","Edgar Anderson","tamanho petala",5.9,"cm"
"270","Site2_1930-02-13","Site2_1930-02-13_A62","Edgar Anderson","largura petala",3,"cm"
"271","Site2_1930-02-13","Site2_1930-02-13_A62","Edgar Anderson","tamanho sepala",4.2,"cm"
"272","Site2_1930-02-13","Site2_1930-02-13_A62","Edgar Anderson","largura sepala",1.5,"cm"
"273","Site3_1929-12-01","Site3_1929-12-01_A70","Edgar Anderson","tamanho petala",5.6,"cm"
"274","Site3_1929-12-01","Site3_1929-12-01_A70","Edgar Anderson","largura petala",2.5,"cm"
"275","Site3_1929-12-01","Site3_1929-12-01_A70","Edgar Anderson","tamanho sepala",3.9,"cm"
"276","Site3_1929-12-01","Site3_1929-12-01_A70","Edgar Anderson","largura sepala",1.1,"cm"
"277","Site2_1930-02-13","Site2_1930-02-13_A71","Edgar Anderson","tamanho petala",5.9,"cm"
"278","Site2_1930-02-13","Site2_1930-02-13_A71","Edgar Anderson","largura petala",3.2,"cm"
"279","Site2_1930-02-13","Site2_1930-02-13_A71","Edgar Anderson","tamanho sepala",4.8,"cm"
"280","Site2_1930-02-13","Site2_1930-02-13_A71","Edgar Anderson","largura sepala",1.8,"cm"
"281","Site3_1929-12-01","Site3_1929-12-01_A76","Edgar Anderson","tamanho petala",6.6,"cm"
"282","Site3_1929-12-01","Site3_1929-12-01_A76","Edgar Anderson","largura petala",3,"cm"
"283","Site3_1929-12-01","Site3_1929-12-01_A76","Edgar Anderson","tamanho sepala",4.4,"cm"
"284","Site3_1929-12-01","Site3_1929-12-01_A76","Edgar Anderson","largura sepala",1.4,"cm"
"285","Site3_1929-12-01","Site3_1929-12-01_A79","Edgar Anderson","tamanho petala",6,"cm"
"286","Site3_1929-12-01","Site3_1929-12-01_A79","Edgar Anderson","largura petala",2.9,"cm"
"287","Site3_1929-12-01","Site3_1929-12-01_A79","Edgar Anderson","tamanho sepala",4.5,"cm"
"288","Site3_1929-12-01","Site3_1929-12-01_A79","Edgar Anderson","largura sepala",1.5,"cm"
"289","Site1_1929-12-01","Site1_1929-12-01_A81","Edgar Anderson","tamanho petala",5.5,"cm"
"290","Site1_1929-12-01","Site1_1929-12-01_A81","Edgar Anderson","largura petala",2.4,"cm"
"291","Site1_1929-12-01","Site1_1929-12-01_A81","Edgar Anderson","tamanho sepala",3.8,"cm"
"292","Site1_1929-12-01","Site1_1929-12-01_A81","Edgar Anderson","largura sepala",1.1,"cm"
"293","Site3_1929-12-01","Site3_1929-12-01_A82","Edgar Anderson","tamanho petala",5.5,"cm"
"294","Site3_1929-12-01","Site3_1929-12-01_A82","Edgar Anderson","largura petala",2.4,"cm"
"295","Site3_1929-12-01","Site3_1929-12-01_A82","Edgar Anderson","tamanho sepala",3.7,"cm"
"296","Site3_1929-12-01","Site3_1929-12-01_A82","Edgar Anderson","largura sepala",1,"cm"
"297","Site1_1929-12-01","Site1_1929-12-01_A87","Edgar Anderson","tamanho petala",6.7,"cm"
"298","Site1_1929-12-01","Site1_1929-12-01_A87","Edgar Anderson","largura petala",3.1,"cm"
"299","Site1_1929-12-01","Site1_1929-12-01_A87","Edgar Anderson","tamanho sepala",4.7,"cm"
"300","Site1_1929-12-01","Site1_1929-12-01_A87","Edgar Anderson","largura sepala",1.5,"cm"
"301","Site3_1929-12-01","Site3_1929-12-01_A88","Edgar Anderson","tamanho petala",6.3,"cm"
"302","Site3_1929-12-01","Site3_1929-12-01_A88","Edgar Anderson","largura petala",2.3,"cm"
"303","Site3_1929-12-01","Site3_1929-12-01_A88","Edgar Anderson","tamanho sepala",4.4,"cm"
"304","Site3_1929-12-01","Site3_1929-12-01_A88","Edgar Anderson","largura sepala",1.3,"cm"
"305","Site1_1929-12-01","Site1_1929-12-01_A93","Edgar Anderson","tamanho petala",5.8,"cm"
"306","Site1_1929-12-01","Site1_1929-12-01_A93","Edgar Anderson","largura petala",2.6,"cm"
"307","Site1_1929-12-01","Site1_1929-12-01_A93","Edgar Anderson","tamanho sepala",4,"cm"
"308","Site1_1929-12-01","Site1_1929-12-01_A93","Edgar Anderson","largura sepala",1.2,"cm"
"309","Site2_1930-02-13","Site2_1930-02-13_A95","Edgar Anderson","tamanho petala",5.6,"cm"
"310","Site2_1930-02-13","Site2_1930-02-13_A95","Edgar Anderson","largura petala",2.7,"cm"
"311","Site2_1930-02-13","Site2_1930-02-13_A95","Edgar Anderson","tamanho sepala",4.2,"cm"
"312","Site2_1930-02-13","Site2_1930-02-13_A95","Edgar Anderson","largura sepala",1.3,"cm"
"313","Site1_1929-12-01","Site1_1929-12-01_A75","Edgar Anderson","tamanho petala",6.4,"cm"
"314","Site1_1929-12-01","Site1_1929-12-01_A75","Edgar Anderson","largura petala",2.9,"cm"
"315","Site1_1929-12-01","Site1_1929-12-01_A75","Edgar Anderson","tamanho sepala",4.3,"cm"
"316","Site1_1929-12-01","Site1_1929-12-01_A75","Edgar Anderson","largura sepala",1.3,"cm"
"317","Site1_1929-12-01","Site1_1929-12-01_A96","Edgar Anderson","tamanho petala",5.7,"cm"
"318","Site1_1929-12-01","Site1_1929-12-01_A96","Edgar Anderson","largura petala",3,"cm"
"319","Site1_1929-12-01","Site1_1929-12-01_A96","Edgar Anderson","tamanho sepala",4.2,"cm"
"320","Site1_1929-12-01","Site1_1929-12-01_A96","Edgar Anderson","largura sepala",1.2,"cm"
"321","Site3_1929-12-01","Site3_1929-12-01_A91","Edgar Anderson","tamanho petala",5.5,"cm"
"322","Site3_1929-12-01","Site3_1929-12-01_A91","Edgar Anderson","largura petala",2.6,"cm"
"323","Site3_1929-12-01","Site3_1929-12-01_A91","Edgar Anderson","tamanho sepala",4.4,"cm"
"324","Site3_1929-12-01","Site3_1929-12-01_A91","Edgar Anderson","largura sepala",1.2,"cm"
"325","Site1_1929-12-01","Site1_1929-12-01_A66","Edgar Anderson","tamanho petala",6.7,"cm"
"326","Site1_1929-12-01","Site1_1929-12-01_A66","Edgar Anderson","largura petala",3.1,"cm"
"327","Site1_1929-12-01","Site1_1929-12-01_A66","Edgar Anderson","tamanho sepala",4.4,"cm"
"328","Site1_1929-12-01","Site1_1929-12-01_A66","Edgar Anderson","largura sepala",1.4,"cm"
"329","Site1_1929-12-01","Site1_1929-12-01_A57","Edgar Anderson","tamanho petala",6.3,"cm"
"330","Site1_1929-12-01","Site1_1929-12-01_A57","Edgar Anderson","largura petala",3.3,"cm"
"331","Site1_1929-12-01","Site1_1929-12-01_A57","Edgar Anderson","tamanho sepala",4.7,"cm"
"332","Site1_1929-12-01","Site1_1929-12-01_A57","Edgar Anderson","largura sepala",1.6,"cm"
"333","Site3_1929-12-01","Site3_1929-12-01_A55","Edgar Anderson","tamanho petala",6.5,"cm"
"334","Site3_1929-12-01","Site3_1929-12-01_A55","Edgar Anderson","largura petala",2.8,"cm"
"335","Site3_1929-12-01","Site3_1929-12-01_A55","Edgar Anderson","tamanho sepala",4.6,"cm"
"336","Site3_1929-12-01","Site3_1929-12-01_A55","Edgar Anderson","largura sepala",1.5,"cm"
"337","Site2_1930-02-13","Site2_1930-02-13_A74","Edgar Anderson","tamanho petala",6.1,"cm"
"338","Site2_1930-02-13","Site2_1930-02-13_A74","Edgar Anderson","largura petala",2.8,"cm"
"339","Site2_1930-02-13","Site2_1930-02-13_A74","Edgar Anderson","tamanho sepala",4.7,"cm"
"340","Site2_1930-02-13","Site2_1930-02-13_A74","Edgar Anderson","largura sepala",1.2,"cm"
"341","Site3_1929-12-01","Site3_1929-12-01_A64","Edgar Anderson","tamanho petala",6.1,"cm"
"342","Site3_1929-12-01","Site3_1929-12-01_A64","Edgar Anderson","largura petala",2.9,"cm"
"343","Site3_1929-12-01","Site3_1929-12-01_A64","Edgar Anderson","tamanho sepala",4.7,"cm"
"344","Site3_1929-12-01","Site3_1929-12-01_A64","Edgar Anderson","largura sepala",1.4,"cm"
"345","Site1_1929-12-01","Site1_1929-12-01_A69","Edgar Anderson","tamanho petala",6.2,"cm"
"346","Site1_1929-12-01","Site1_1929-12-01_A69","Edgar Anderson","largura petala",2.2,"cm"
"347","Site1_1929-12-01","Site1_1929-12-01_A69","Edgar Anderson","tamanho sepala",4.5,"cm"
"348","Site1_1929-12-01","Site1_1929-12-01_A69","Edgar Anderson","largura sepala",1.5,"cm"
"349","Site2_1930-02-13","Site2_1930-02-13_A86","Edgar Anderson","tamanho petala",6,"cm"
"350","Site2_1930-02-13","Site2_1930-02-13_A86","Edgar Anderson","largura petala",3.4,"cm"
"351","Site2_1930-02-13","Site2_1930-02-13_A86","Edgar Anderson","tamanho sepala",4.5,"cm"
"352","Site2_1930-02-13","Site2_1930-02-13_A86","Edgar Anderson","largura sepala",1.6,"cm"
"353","Site1_1929-12-01","Site1_1929-12-01_A84","Edgar Anderson","tamanho petala",5.1,"cm"
"354","Site1_1929-12-01","Site1_1929-12-01_A84","Edgar Anderson","largura petala",1.6,"cm"
"355","Site1_1929-12-01","Site1_1929-12-01_A84","Edgar Anderson","tamanho sepala",6,"cm"
"356","Site1_1929-12-01","Site1_1929-12-01_A84","Edgar Anderson","largura sepala",2.7,"cm"
"357","Site2_1930-02-13","Site2_1930-02-13_A53","Edgar Anderson","tamanho petala",4.9,"cm"
"358","Site2_1930-02-13","Site2_1930-02-13_A53","Edgar Anderson","largura petala",1.5,"cm"
"359","Site2_1930-02-13","Site2_1930-02-13_A53","Edgar Anderson","tamanho sepala",6.9,"cm"
"360","Site2_1930-02-13","Site2_1930-02-13_A53","Edgar Anderson","largura sepala",3.1,"cm"
"361","Site2_1930-02-13","Site2_1930-02-13_A98","Edgar Anderson","tamanho petala",4.3,"cm"
"362","Site2_1930-02-13","Site2_1930-02-13_A98","Edgar Anderson","largura petala",1.3,"cm"
"363","Site2_1930-02-13","Site2_1930-02-13_A98","Edgar Anderson","tamanho sepala",6.2,"cm"
"364","Site2_1930-02-13","Site2_1930-02-13_A98","Edgar Anderson","largura sepala",2.9,"cm"
"365","Site3_1929-12-05","Site3_1929-12-05_A94","Edgar Anderson","tamanho petala",3.3,"cm"
"366","Site3_1929-12-05","Site3_1929-12-05_A94","Edgar Anderson","largura petala",1,"cm"
"367","Site3_1929-12-05","Site3_1929-12-05_A94","Edgar Anderson","tamanho sepala",5,"cm"
"368","Site3_1929-12-05","Site3_1929-12-05_A94","Edgar Anderson","largura sepala",2.3,"cm"
"369","Site1_1929-12-01","Site1_1929-12-01_A108","Edgar Anderson","tamanho petala",6.3,"cm"
"370","Site1_1929-12-01","Site1_1929-12-01_A108","Edgar Anderson","largura petala",1.8,"cm"
"371","Site1_1929-12-01","Site1_1929-12-01_A108","Edgar Anderson","tamanho sepala",7.3,"cm"
"372","Site1_1929-12-01","Site1_1929-12-01_A108","Edgar Anderson","largura sepala",2.9,"cm"
"373","Site1_1929-12-01","Site1_1929-12-01_A111","Edgar Anderson","tamanho petala",5.1,"cm"
"374","Site1_1929-12-01","Site1_1929-12-01_A111","Edgar Anderson","largura petala",2,"cm"
"375","Site1_1929-12-01","Site1_1929-12-01_A111","Edgar Anderson","tamanho sepala",6.5,"cm"
"376","Site1_1929-12-01","Site1_1929-12-01_A111","Edgar Anderson","largura sepala",3.2,"cm"
"377","Site1_1929-12-01","Site1_1929-12-01_A117","Edgar Anderson","tamanho petala",5.5,"cm"
"378","Site1_1929-12-01","Site1_1929-12-01_A117","Edgar Anderson","largura petala",1.8,"cm"
"379","Site1_1929-12-01","Site1_1929-12-01_A117","Edgar Anderson","tamanho sepala",6.5,"cm"
"380","Site1_1929-12-01","Site1_1929-12-01_A117","Edgar Anderson","largura sepala",3,"cm"
"381","Site1_1929-12-01","Site1_1929-12-01_A120","Edgar Anderson","tamanho petala",5,"cm"
"382","Site1_1929-12-01","Site1_1929-12-01_A120","Edgar Anderson","largura petala",1.5,"cm"
"383","Site1_1929-12-01","Site1_1929-12-01_A120","Edgar Anderson","tamanho sepala",6,"cm"
"384","Site1_1929-12-01","Site1_1929-12-01_A120","Edgar Anderson","largura sepala",2.2,"cm"
"385","Site2_1930-02-13","Site2_1930-02-13_A122","Edgar Anderson","tamanho petala",4.9,"cm"
"386","Site2_1930-02-13","Site2_1930-02-13_A122","Edgar Anderson","largura petala",2,"cm"
"387","Site2_1930-02-13","Site2_1930-02-13_A122","Edgar Anderson","tamanho sepala",5.6,"cm"
"388","Site2_1930-02-13","Site2_1930-02-13_A122","Edgar Anderson","largura sepala",2.8,"cm"
"389","Site2_1930-02-13","Site2_1930-02-13_A131","Edgar Anderson","tamanho petala",6.1,"cm"
"390","Site2_1930-02-13","Site2_1930-02-13_A131","Edgar Anderson","largura petala",1.9,"cm"
"391","Site2_1930-02-13","Site2_1930-02-13_A131","Edgar Anderson","tamanho sepala",7.4,"cm"
"392","Site2_1930-02-13","Site2_1930-02-13_A131","Edgar Anderson","largura sepala",2.8,"cm"
"393","Site2_1930-02-13","Site2_1930-02-13_A140","Edgar Anderson","tamanho petala",5.4,"cm"
"394","Site2_1930-02-13","Site2_1930-02-13_A140","Edgar Anderson","largura petala",2.1,"cm"
"395","Site2_1930-02-13","Site2_1930-02-13_A140","Edgar Anderson","tamanho sepala",6.9,"cm"
"396","Site2_1930-02-13","Site2_1930-02-13_A140","Edgar Anderson","largura sepala",3.1,"cm"
"397","Site3_1929-12-01","Site3_1929-12-01_A109","Edgar Anderson","tamanho petala",5.8,"cm"
"398","Site3_1929-12-01","Site3_1929-12-01_A109","Edgar Anderson","largura petala",1.8,"cm"
"399","Site3_1929-12-01","Site3_1929-12-01_A109","Edgar Anderson","tamanho sepala",6.7,"cm"
"400","Site3_1929-12-01","Site3_1929-12-01_A109","Edgar Anderson","largura sepala",2.5,"cm"
"401","Site3_1929-12-01","Site3_1929-12-01_A115","Edgar Anderson","tamanho petala",5.1,"cm"
"402","Site3_1929-12-01","Site3_1929-12-01_A115","Edgar Anderson","largura petala",2.4,"cm"
"403","Site3_1929-12-01","Site3_1929-12-01_A115","Edgar Anderson","tamanho sepala",5.8,"cm"
"404","Site3_1929-12-01","Site3_1929-12-01_A115","Edgar Anderson","largura sepala",2.8,"cm"
"405","Site3_1929-12-01","Site3_1929-12-01_A136","Edgar Anderson","tamanho petala",6.1,"cm"
"406","Site3_1929-12-01","Site3_1929-12-01_A136","Edgar Anderson","largura petala",2.3,"cm"
"407","Site3_1929-12-01","Site3_1929-12-01_A136","Edgar Anderson","tamanho sepala",7.7,"cm"
"408","Site3_1929-12-01","Site3_1929-12-01_A136","Edgar Anderson","largura sepala",3,"cm"
"409","Site3_1929-12-01","Site3_1929-12-01_A142","Edgar Anderson","tamanho petala",5.1,"cm"
"410","Site3_1929-12-01","Site3_1929-12-01_A142","Edgar Anderson","largura petala",2.3,"cm"
"411","Site3_1929-12-01","Site3_1929-12-01_A142","Edgar Anderson","tamanho sepala",6.9,"cm"
"412","Site3_1929-12-01","Site3_1929-12-01_A142","Edgar Anderson","largura sepala",3.1,"cm"
"413","Site3_1929-12-01","Site3_1929-12-01_A91","Edgar Anderson","tamanho petala",5.5,"cm"
"414","Site3_1929-12-01","Site3_1929-12-01_A91","Edgar Anderson","largura petala",2.6,"cm"
"415","Site3_1929-12-01","Site3_1929-12-01_A91","Edgar Anderson","tamanho sepala",4.4,"cm"
"416","Site3_1929-12-01","Site3_1929-12-01_A91","Edgar Anderson","largura sepala",1.2,"cm"
"417","Site1_1929-12-01","Site1_1929-12-01_A42","Edgar Anderson","tamanho petala",4.5,"cm"
"418","Site1_1929-12-01","Site1_1929-12-01_A42","Edgar Anderson","largura petala",2.3,"cm"
"419","Site1_1929-12-01","Site1_1929-12-01_A42","Edgar Anderson","tamanho sepala",1.3,"cm"
"420","Site1_1929-12-01","Site1_1929-12-01_A42","Edgar Anderson","largura sepala",0.3,"cm"
"421","Site1_1929-12-01","Site1_1929-12-01_A105","Edgar Anderson","tamanho petala",6.5,"cm"
"422","Site1_1929-12-01","Site1_1929-12-01_A105","Edgar Anderson","largura petala",3,"cm"
"423","Site1_1929-12-01","Site1_1929-12-01_A105","Edgar Anderson","tamanho sepala",5.8,"cm"
"424","Site1_1929-12-01","Site1_1929-12-01_A105","Edgar Anderson","largura sepala",2.2,"cm"
"425","Site2_1930-02-13","Site2_1930-02-13_A113","Edgar Anderson","tamanho petala",6.8,"cm"
"426","Site2_1930-02-13","Site2_1930-02-13_A113","Edgar Anderson","largura petala",3,"cm"
"427","Site2_1930-02-13","Site2_1930-02-13_A113","Edgar Anderson","tamanho sepala",5.5,"cm"
"428","Site2_1930-02-13","Site2_1930-02-13_A113","Edgar Anderson","largura sepala",2.1,"cm"
"429","Site1_1929-12-01","Site1_1929-12-01_A66","Edgar Anderson","tamanho petala",6.7,"cm"
"430","Site1_1929-12-01","Site1_1929-12-01_A66","Edgar Anderson","largura petala",3.1,"cm"
"431","Site1_1929-12-01","Site1_1929-12-01_A66","Edgar Anderson","tamanho sepala",4.4,"cm"
"432","Site1_1929-12-01","Site1_1929-12-01_A66","Edgar Anderson","largura sepala",1.4,"cm"
"433","Site1_1929-12-01","Site1_1929-12-01_A147","Edgar Anderson","tamanho petala",6.3,"cm"
"434","Site1_1929-12-01","Site1_1929-12-01_A147","Edgar Anderson","largura petala",2.5,"cm"
"435","Site1_1929-12-01","Site1_1929-12-01_A147","Edgar Anderson","tamanho sepala",5,"cm"
"436","Site1_1929-12-01","Site1_1929-12-01_A147","Edgar Anderson","largura sepala",1.9,"cm"
"437","Site1_1929-12-01","Site1_1929-12-01_A57","Edgar Anderson","tamanho petala",6.3,"cm"
"438","Site1_1929-12-01","Site1_1929-12-01_A57","Edgar Anderson","largura petala",3.3,"cm"
"439","Site1_1929-12-01","Site1_1929-12-01_A57","Edgar Anderson","tamanho sepala",4.7,"cm"
"440","Site1_1929-12-01","Site1_1929-12-01_A57","Edgar Anderson","largura sepala",1.6,"cm"
"441","Site1_1929-12-01","Site1_1929-12-01_A30","Edgar Anderson","tamanho petala",4.7,"cm"
"442","Site1_1929-12-01","Site1_1929-12-01_A30","Edgar Anderson","largura petala",3.2,"cm"
"443","Site1_1929-12-01","Site1_1929-12-01_A30","Edgar Anderson","tamanho sepala",1.6,"cm"
"444","Site1_1929-12-01","Site1_1929-12-01_A30","Edgar Anderson","largura sepala",0.2,"cm"
"445","Site3_1929-12-01","Site3_1929-12-01_A55","Edgar Anderson","tamanho petala",6.5,"cm"
"446","Site3_1929-12-01","Site3_1929-12-01_A55","Edgar Anderson","largura petala",2.8,"cm"
"447","Site3_1929-12-01","Site3_1929-12-01_A55","Edgar Anderson","tamanho sepala",4.6,"cm"
"448","Site3_1929-12-01","Site3_1929-12-01_A55","Edgar Anderson","largura sepala",1.5,"cm"
"449","Site2_1930-02-13","Site2_1930-02-13_A74","Edgar Anderson","tamanho petala",6.1,"cm"
"450","Site2_1930-02-13","Site2_1930-02-13_A74","Edgar Anderson","largura petala",2.8,"cm"
"451","Site2_1930-02-13","Site2_1930-02-13_A74","Edgar Anderson","tamanho sepala",4.7,"cm"
"452","Site2_1930-02-13","Site2_1930-02-13_A74","Edgar Anderson","largura sepala",1.2,"cm"
"453","Site2_1930-02-13","Site2_1930-02-13_A104","Edgar Anderson","tamanho petala",6.3,"cm"
"454","Site2_1930-02-13","Site2_1930-02-13_A104","Edgar Anderson","largura petala",2.9,"cm"
"455","Site2_1930-02-13","Site2_1930-02-13_A104","Edgar Anderson","tamanho sepala",5.6,"cm"
"456","Site2_1930-02-13","Site2_1930-02-13_A104","Edgar Anderson","largura sepala",1.8,"cm"
"457","Site2_1929-12-01","Site2_1929-12-01_A123","Edgar Anderson","tamanho petala",7.7,"cm"
"458","Site2_1929-12-01","Site2_1929-12-01_A123","Edgar Anderson","largura petala",2.8,"cm"
"459","Site2_1929-12-01","Site2_1929-12-01_A123","Edgar Anderson","tamanho sepala",6.7,"cm"
"460","Site2_1929-12-01","Site2_1929-12-01_A123","Edgar Anderson","largura sepala",2,"cm"
"461","Site1_1929-12-01","Site1_1929-12-01_A132","Edgar Anderson","tamanho petala",7.9,"cm"
"462","Site1_1929-12-01","Site1_1929-12-01_A132","Edgar Anderson","largura petala",3.8,"cm"
"463","Site1_1929-12-01","Site1_1929-12-01_A132","Edgar Anderson","tamanho sepala",6.4,"cm"
"464","Site1_1929-12-01","Site1_1929-12-01_A132","Edgar Anderson","largura sepala",2,"cm"
"465","Site3_1929-12-01","Site3_1929-12-01_A130","Edgar Anderson","tamanho petala",7.2,"cm"
"466","Site3_1929-12-01","Site3_1929-12-01_A130","Edgar Anderson","largura petala",3,"cm"
"467","Site3_1929-12-01","Site3_1929-12-01_A130","Edgar Anderson","tamanho sepala",5.8,"cm"
"468","Site3_1929-12-01","Site3_1929-12-01_A130","Edgar Anderson","largura sepala",1.6,"cm"
"469","Site3_1929-12-01","Site3_1929-12-01_A103","Edgar Anderson","tamanho petala",7.1,"cm"
"470","Site3_1929-12-01","Site3_1929-12-01_A103","Edgar Anderson","largura petala",3,"cm"
"471","Site3_1929-12-01","Site3_1929-12-01_A103","Edgar Anderson","tamanho sepala",5.9,"cm"
"472","Site3_1929-12-01","Site3_1929-12-01_A103","Edgar Anderson","largura sepala",2.1,"cm"
"473","Site3_1929-12-01","Site3_1929-12-01_A121","Edgar Anderson","tamanho petala",6.9,"cm"
"474","Site3_1929-12-01","Site3_1929-12-01_A121","Edgar Anderson","largura petala",3.2,"cm"
"475","Site3_1929-12-01","Site3_1929-12-01_A121","Edgar Anderson","tamanho sepala",5.7,"cm"
"476","Site3_1929-12-01","Site3_1929-12-01_A121","Edgar Anderson","largura sepala",2.3,"cm"
"477","Site1_1929-12-01","Site1_1929-12-01_A123","Edgar Anderson","tamanho petala",7.7,"cm"
"478","Site1_1929-12-01","Site1_1929-12-01_A123","Edgar Anderson","largura petala",2.8,"cm"
"479","Site1_1929-12-01","Site1_1929-12-01_A123","Edgar Anderson","tamanho sepala",6.7,"cm"
"480","Site1_1929-12-01","Site1_1929-12-01_A123","Edgar Anderson","largura sepala",2,"cm"
"481","Site2_1930-02-13","Site2_1930-02-13_A134","Edgar Anderson","tamanho petala",6.3,"cm"
"482","Site2_1930-02-13","Site2_1930-02-13_A134","Edgar Anderson","largura petala",2.8,"cm"
"483","Site2_1930-02-13","Site2_1930-02-13_A134","Edgar Anderson","tamanho sepala",5.1,"cm"
"484","Site2_1930-02-13","Site2_1930-02-13_A134","Edgar Anderson","largura sepala",1.5,"cm"
"485","Site2_1930-02-13","Site2_1930-02-13_A137","Edgar Anderson","tamanho petala",6.3,"cm"
"486","Site2_1930-02-13","Site2_1930-02-13_A137","Edgar Anderson","largura petala",3.4,"cm"
"487","Site2_1930-02-13","Site2_1930-02-13_A137","Edgar Anderson","tamanho sepala",5.6,"cm"
"488","Site2_1930-02-13","Site2_1930-02-13_A137","Edgar Anderson","largura sepala",2.4,"cm"
"489","Site1_1929-12-01","Site1_1929-12-01_A138","Edgar Anderson","tamanho petala",6.4,"cm"
"490","Site1_1929-12-01","Site1_1929-12-01_A138","Edgar Anderson","largura petala",3.1,"cm"
"491","Site1_1929-12-01","Site1_1929-12-01_A138","Edgar Anderson","tamanho sepala",5.5,"cm"
"492","Site1_1929-12-01","Site1_1929-12-01_A138","Edgar Anderson","largura sepala",1.8,"cm"
"493","Site3_1929-12-01","Site3_1929-12-01_A148","Edgar Anderson","tamanho petala",6.5,"cm"
"494","Site3_1929-12-01","Site3_1929-12-01_A148","Edgar Anderson","largura petala",3,"cm"
"495","Site3_1929-12-01","Site3_1929-12-01_A148","Edgar Anderson","tamanho sepala",5.2,"cm"
"496","Site3_1929-12-01","Site3_1929-12-01_A148","Edgar Anderson","largura sepala",2,"cm"
"497","Site1_1929-12-01","Site1_1929-12-01_A150","Edgar Anderson","tamanho petala",5.9,"cm"
"498","Site1_1929-12-01","Site1_1929-12-01_A150","Edgar Anderson","largura petala",3,"cm"
"499","Site1_1929-12-01","Site1_1929-12-01_A150","Edgar Anderson","tamanho sepala",5.1,"cm"
"500","Site1_1929-12-01","Site1_1929-12-01_A150","Edgar Anderson","largura sepala",1.8,"cm"
"501","ste2_1930-02-13","ste2_1930-02-13_A119","Edgar Anderson","tamanho petala",7.7,"cm"
"502","ste2_1930-02-13","ste2_1930-02-13_A119","Edgar Anderson","largura petala",2.6,"cm"
"503","ste2_1930-02-13","ste2_1930-02-13_A119","Edgar Anderson","tamanho sepala",6.9,"cm"
"504","ste2_1930-02-13","ste2_1930-02-13_A119","Edgar Anderson","largura sepala",2.3,"cm"
"505","Site3_1929-12-01","Site3_1929-12-01_A127","Edgar Anderson","tamanho petala",6.2,"cm"
"506","Site3_1929-12-01","Site3_1929-12-01_A127","Edgar Anderson","largura petala",2.8,"cm"
"507","Site3_1929-12-01","Site3_1929-12-01_A127","Edgar Anderson","tamanho sepala",4.8,"cm"
"508","Site3_1929-12-01","Site3_1929-12-01_A127","Edgar Anderson","largura sepala",1.8,"cm"
"509","Site1_1929-12-01","Site1_1929-12-01_A129","Edgar Anderson","tamanho petala",6.4,"cm"
"510","Site1_1929-12-01","Site1_1929-12-01_A129","Edgar Anderson","largura petala",2.8,"cm"
"511","Site1_1929-12-01","Site1_1929-12-01_A129","Edgar Anderson","tamanho sepala",5.6,"cm"
"512","Site1_1929-12-01","Site1_1929-12-01_A129","Edgar Anderson","largura sepala",2.1,"cm"
"513","Site2_1930-02-13","Site2_1930-02-13_A149","Edgar Anderson","tamanho petala",6.2,"cm"
"514","Site2_1930-02-13","Site2_1930-02-13_A149","Edgar Anderson","largura petala",3.4,"cm"
"515","Site2_1930-02-13","Site2_1930-02-13_A149","Edgar Anderson","tamanho sepala",5.4,"cm"
"516","Site2_1930-02-13","Site2_1930-02-13_A149","Edgar Anderson","largura sepala",2.3,"cm"
"517","Site1_1929-12-01","Site1_1929-12-01_A105","Edgar Anderson","tamanho petala",6.5,"cm"
"518","Site1_1929-12-01","Site1_1929-12-01_A105","Edgar Anderson","largura petala",3,"cm"
"519","Site1_1929-12-01","Site1_1929-12-01_A105","Edgar Anderson","tamanho sepala",5.8,"cm"
"520","Site1_1929-12-01","Site1_1929-12-01_A105","Edgar Anderson","largura sepala",2.2,"cm"
"521","Site2_1930-02-13","Site2_1930-02-13_A113","Edgar Anderson","tamanho petala",6.8,"cm"
"522","Site2_1930-02-13","Site2_1930-02-13_A113","Edgar Anderson","largura petala",3,"cm"
"523","Site2_1930-02-13","Site2_1930-02-13_A113","Edgar Anderson","tamanho sepala",5.5,"cm"
"524","Site2_1930-02-13","Site2_1930-02-13_A113","Edgar Anderson","largura sepala",2.1,"cm"
"525","Site1_1929-12-01","Site1_1929-12-01_A147","Edgar Anderson","tamanho petala",6.3,"cm"
"526","Site1_1929-12-01","Site1_1929-12-01_A147","Edgar Anderson","largura petala",2.5,"cm"
"527","Site1_1929-12-01","Site1_1929-12-01_A147","Edgar Anderson","tamanho sepala",5,"cm"
"528","Site1_1929-12-01","Site1_1929-12-01_A147","Edgar Anderson","largura sepala",1.9,"cm"
"529","Site2_1930-02-13","Site2_1930-02-13_A104","Edgar Anderson","tamanho petala",6.3,"cm"
"530","Site2_1930-02-13","Site2_1930-02-13_A104","Edgar Anderson","largura petala",2.9,"cm"
"531","Site2_1930-02-13","Site2_1930-02-13_A104","Edgar Anderson","tamanho sepala",5.6,"cm"
"532","Site2_1930-02-13","Site2_1930-02-13_A104","Edgar Anderson","largura sepala",1.8,"cm"
"533","Site2_1929-12-01","Site2_1929-12-01_A123","Edgar Anderson","tamanho petala",7.7,"cm"
"534","Site2_1929-12-01","Site2_1929-12-01_A123","Edgar Anderson","largura petala",2.8,"cm"
"535","Site2_1929-12-01","Site2_1929-12-01_A123","Edgar Anderson","tamanho sepala",6.7,"cm"
"536","Site2_1929-12-01","Site2_1929-12-01_A123","Edgar Anderson","largura sepala",2,"cm"
"537","Site1_1929-12-01","Site1_1929-12-01_A132","Edgar Anderson","tamanho petala",7.9,"cm"
"538","Site1_1929-12-01","Site1_1929-12-01_A132","Edgar Anderson","largura petala",3.8,"cm"
"539","Site1_1929-12-01","Site1_1929-12-01_A132","Edgar Anderson","tamanho sepala",6.4,"cm"
"540","Site1_1929-12-01","Site1_1929-12-01_A132","Edgar Anderson","largura sepala",2,"cm"
"541","Site3_1929-12-01","Site3_1929-12-01_A130","Edgar Anderson","tamanho petala",7.2,"cm"
"542","Site3_1929-12-01","Site3_1929-12-01_A130","Edgar Anderson","largura petala",3,"cm"
"543","Site3_1929-12-01","Site3_1929-12-01_A130","Edgar Anderson","tamanho sepala",5.8,"cm"
"544","Site3_1929-12-01","Site3_1929-12-01_A130","Edgar Anderson","largura sepala",1.6,"cm"
"545","Site2_1930-02-13","Site2_1930-02-13_A128","Edgar Anderson","tamanho petala",6.1,"cm"
"546","Site2_1930-02-13","Site2_1930-02-13_A128","Edgar Anderson","largura petala",3,"cm"
"547","Site2_1930-02-13","Site2_1930-02-13_A128","Edgar Anderson","tamanho sepala",4.9,"cm"
"548","Site2_1930-02-13","Site2_1930-02-13_A128","Edgar Anderson","largura sepala",1.8,"cm"
"549","Site3_1929-12-01","Site3_1929-12-01_A133","Edgar Anderson","tamanho petala",6.4,"cm"
"550","Site3_1929-12-01","Site3_1929-12-01_A133","Edgar Anderson","largura petala",2.8,"cm"
"551","Site3_1929-12-01","Site3_1929-12-01_A133","Edgar Anderson","tamanho sepala",5.6,"cm"
"552","Site3_1929-12-01","Site3_1929-12-01_A133","Edgar Anderson","largura sepala",2.2,"cm"
"553","Site3_1929-12-01","Site3_1929-12-01_A112","Edgar Anderson","tamanho petala",6.4,"cm"
"554","Site3_1929-12-01","Site3_1929-12-01_A112","Edgar Anderson","largura petala",2.7,"cm"
"555","Site3_1929-12-01","Site3_1929-12-01_A112","Edgar Anderson","tamanho sepala",5.3,"cm"
"556","Site3_1929-12-01","Site3_1929-12-01_A112","Edgar Anderson","largura sepala",1.9,"cm"
"557","Site1_1929-12-01","Site1_1929-12-01_A114","Edgar Anderson","tamanho petala",5,"cm"
"558","Site1_1929-12-01","Site1_1929-12-01_A114","Edgar Anderson","largura petala",2,"cm"
"559","Site1_1929-12-01","Site1_1929-12-01_A114","Edgar Anderson","tamanho sepala",5.7,"cm"
"560","Site1_1929-12-01","Site1_1929-12-01_A114","Edgar Anderson","largura sepala",2.5,"cm"
"561","Site1_1929-12-01","Site1_1929-12-01_A135","Edgar Anderson","tamanho petala",5.6,"cm"
"562","Site1_1929-12-01","Site1_1929-12-01_A135","Edgar Anderson","largura petala",1.4,"cm"
"563","Site1_1929-12-01","Site1_1929-12-01_A135","Edgar Anderson","tamanho sepala",6.1,"cm"
"564","Site1_1929-12-01","Site1_1929-12-01_A135","Edgar Anderson","largura sepala",2.6,"cm"
"565","Site1_1929-12-01","Site1_1929-12-01_A144","Edgar Anderson","tamanho petala",5.9,"cm"
"566","Site1_1929-12-01","Site1_1929-12-01_A144","Edgar Anderson","largura petala",2.3,"cm"
"567","Site1_1929-12-01","Site1_1929-12-01_A144","Edgar Anderson","tamanho sepala",6.8,"cm"
"568","Site1_1929-12-01","Site1_1929-12-01_A144","Edgar Anderson","largura sepala",3.2,"cm"
"569","Site2_1930-02-13","Site2_1930-02-13_A107","Edgar Anderson","tamanho petala",4.5,"cm"
"570","Site2_1930-02-13","Site2_1930-02-13_A107","Edgar Anderson","largura petala",1.7,"cm"
"571","Site2_1930-02-13","Site2_1930-02-13_A107","Edgar Anderson","tamanho sepala",4.9,"cm"
"572","Site2_1930-02-13","Site2_1930-02-13_A107","Edgar Anderson","largura sepala",2.5,"cm"
"573","Site2_1930-02-13","Site2_1930-02-13_A110","Edgar Anderson","tamanho petala",6.1,"cm"
"574","Site2_1930-02-13","Site2_1930-02-13_A110","Edgar Anderson","largura petala",2.5,"cm"
"575","Site2_1930-02-13","Site2_1930-02-13_A110","Edgar Anderson","tamanho sepala",7.2,"cm"
"576","Site2_1930-02-13","Site2_1930-02-13_A110","Edgar Anderson","largura sepala",3.6,"cm"
"577","Site2_1930-02-13","Site2_1930-02-13_A125","Edgar Anderson","tamanho petala",5.7,"cm"
"578","Site2_1930-02-13","Site2_1930-02-13_A125","Edgar Anderson","largura petala",2.1,"cm"
"579","Site2_1930-02-13","Site2_1930-02-13_A125","Edgar Anderson","tamanho sepala",6.7,"cm"
"580","Site2_1930-02-13","Site2_1930-02-13_A125","Edgar Anderson","largura sepala",3.3,"cm"
"581","Site2_1930-02-13","Site2_1930-02-13_A143","Edgar Anderson","tamanho petala",5.1,"cm"
"582","Site2_1930-02-13","Site2_1930-02-13_A143","Edgar Anderson","largura petala",1.9,"cm"
"583","Site2_1930-02-13","Site2_1930-02-13_A143","Edgar Anderson","tamanho sepala",5.8,"cm"
"584","Site2_1930-02-13","Site2_1930-02-13_A143","Edgar Anderson","largura sepala",2.7,"cm"
"585","Site2_1930-02-13","Site2_1930-02-13_A146","Edgar Anderson","tamanho petala",5.2,"cm"
"586","Site2_1930-02-13","Site2_1930-02-13_A146","Edgar Anderson","largura petala",2.3,"cm"
"587","Site2_1930-02-13","Site2_1930-02-13_A146","Edgar Anderson","tamanho sepala",6.7,"cm"
"588","Site2_1930-02-13","Site2_1930-02-13_A146","Edgar Anderson","largura sepala",3,"cm"
"589","Site3_1929-12-01","Site3_1929-12-01_A106","Edgar Anderson","tamanho petala",6.6,"cm"
"590","Site3_1929-12-01","Site3_1929-12-01_A106","Edgar Anderson","largura petala",2.1,"cm"
"591","Site3_1929-12-01","Site3_1929-12-01_A106","Edgar Anderson","tamanho sepala",7.6,"cm"
"592","Site3_1929-12-01","Site3_1929-12-01_A106","Edgar Anderson","largura sepala",3,"cm"
"593","Site1_1929-12-01","Site1_1929-12-01_A117","Edgar Anderson","tamanho petala",5.5,"cm"
"594","Site1_1929-12-01","Site1_1929-12-01_A117","Edgar Anderson","largura petala",1.8,"cm"
"595","Site1_1929-12-01","Site1_1929-12-01_A117","Edgar Anderson","tamanho sepala",6.5,"cm"
"596","Site1_1929-12-01","Site1_1929-12-01_A117","Edgar Anderson","largura sepala",3,"cm"
"597","Site3_1929-12-01","Site3_1929-12-01_A145","Edgar Anderson","tamanho petala",5.7,"cm"
"598","Site3_1929-12-01","Site3_1929-12-01_A145","Edgar Anderson","largura petala",2.5,"cm"
"599","Site3_1929-12-01","Site3_1929-12-01_A145","Edgar Anderson","tamanho sepala",6.7,"cm"
"600","Site3_1929-12-01","Site3_1929-12-01_A145","Edgar Anderson","largura sepala",3.3,"cm"
